REF_DATE,Geography,DGUID,English and French,English only,French only,Neither English nor French,Total - Knowledge of official languages
2021,Canada,2021A000011124,6581680.0,25261655.0,4087895.0,689730.0,36620955.0
2021,Toronto,2021A00053520005,236915.0,2409655.0,2555.0,123505.0,2772625.0
2021,Montréal,2021A00052466023,1018100.0,207690.0,473490.0,41975.0,1741260.0
2021,Calgary,2021A00054806016,85360.0,1177410.0,825.0,32520.0,1296120.0
2021,Ottawa,2021A00053506008,367030.0,610175.0,14280.0,15480.0,1006965.0
2021,Edmonton,2021A00054811061,65950.0,910635.0,1285.0,22860.0,1000740.0
2021,Winnipeg,2021A00054611040,71700.0,656965.0,1255.0,12435.0,742360.0
2021,Mississauga,2021A00053521005,47965.0,641780.0,540.0,24545.0,714835.0
2021,Vancouver,2021A00055915022,61055.0,555235.0,345.0,38195.0,654825.0
2021,Brampton,2021A00053521010,29515.0,589185.0,440.0,31675.0,650820.0
2021,Surrey,2021A00055915004,21780.0,504310.0,220.0,37925.0,564230.0
2021,Hamilton,2021A00053525005,32625.0,520350.0,405.0,10435.0,563815.0
2021,Québec,2021A00052423027,231730.0,2155.0,306375.0,2175.0,542435.0
2021,Halifax,2021A00051209034,53460.0,380205.0,295.0,2555.0,436510.0
2021,Laval,2021A00052465005,262055.0,25285.0,138215.0,9100.0,434650.0
2021,London,2021A00053539036,29650.0,380125.0,325.0,8120.0,418215.0
2021,Markham,2021A00053519036,18325.0,284630.0,125.0,34405.0,337485.0
2021,Vaughan,2021A00053519028,19760.0,289015.0,140.0,13145.0,322060.0
2021,Gatineau,2021A00052481017,186955.0,24200.0,74420.0,1940.0,287510.0
2021,Saskatoon,2021A00054711066,17005.0,241760.0,110.0,3700.0,262570.0
2021,Kitchener,2021A00053530013,15860.0,233095.0,130.0,5745.0,254820.0
2021,Longueuil,2021A00052458227,131555.0,8630.0,108890.0,2750.0,251825.0
2021,Burnaby,2021A00055915025,12040.0,218745.0,95.0,16060.0,246945.0
2021,Windsor,2021A00053537039,19260.0,201295.0,390.0,6435.0,227385.0
2021,Regina,2021A00054706027,13580.0,207155.0,180.0,2895.0,223815.0
2021,Oakville,2021A00053524001,23390.0,184525.0,150.0,4855.0,212915.0
2021,Richmond,2021A00055915015,9270.0,177825.0,75.0,21870.0,209040.0
2021,Richmond Hill,2021A00053519038,14745.0,173385.0,90.0,12825.0,201040.0
2021,Burlington,2021A00053524002,15780.0,166915.0,90.0,1770.0,184550.0
2021,Oshawa,2021A00053518013,11200.0,161340.0,230.0,1615.0,174390.0
2021,Sherbrooke,2021A00052443027,78545.0,2865.0,87950.0,1185.0,170545.0
2021,Greater Sudbury / Grand Sudbury,2021A00053553005,60035.0,102225.0,1460.0,410.0,164135.0
2021,Abbotsford,2021A00055909052,6230.0,135670.0,40.0,9665.0,151605.0
2021,Lévis,2021A00052425213,56535.0,310.0,90745.0,180.0,147765.0
2021,Coquitlam,2021A00055915034,8900.0,131465.0,55.0,7310.0,147735.0
2021,Barrie,2021A00053543042,9625.0,135345.0,80.0,1215.0,146265.0
2021,Saguenay,2021A00052494068,35030.0,325.0,107930.0,110.0,143395.0
2021,Kelowna,2021A00055935010,10680.0,130800.0,45.0,1095.0,142625.0
2021,Guelph,2021A00053523008,12660.0,127815.0,65.0,2085.0,142625.0
2021,Cambridge,2021A00053530010,7450.0,127465.0,80.0,2490.0,137490.0
2021,Whitby,2021A00053518009,11425.0,123965.0,110.0,1630.0,137135.0
2021,Trois-Rivières,2021A00052437067,45355.0,385.0,90695.0,375.0,136810.0
2021,St. Catharines,2021A00053526053,8815.0,124605.0,90.0,1330.0,134840.0
2021,Langley,2021A00055915001,6360.0,122810.0,20.0,2735.0,131930.0
2021,Milton,2021A00053524009,10245.0,118955.0,105.0,2335.0,131640.0
2021,Kingston,2021A00053510010,17430.0,111430.0,195.0,780.0,129830.0
2021,Ajax,2021A00053518005,9425.0,114445.0,100.0,2450.0,126415.0
2021,Waterloo,2021A00053530016,10365.0,107495.0,45.0,2070.0,119975.0
2021,Terrebonne,2021A00052464008,53805.0,795.0,63440.0,430.0,118465.0
2021,Saanich,2021A00055917021,10305.0,103755.0,40.0,1865.0,115970.0
2021,St. John's,2021A00051001519,9910.0,97580.0,45.0,530.0,108065.0
2021,Delta,2021A00055915011,6825.0,96290.0,35.0,4365.0,107510.0
2021,Thunder Bay,2021A00053558004,8570.0,98045.0,70.0,500.0,107185.0
2021,Brantford,2021A00053529006,4930.0,97800.0,20.0,990.0,103745.0
2021,Chatham-Kent,2021A00053536020,7140.0,95150.0,45.0,645.0,102985.0
2021,Clarington,2021A00053518017,7565.0,92865.0,70.0,445.0,100945.0
2021,Pickering,2021A00053518001,7130.0,90260.0,60.0,1315.0,98760.0
2021,Red Deer,2021A00054808011,5275.0,92500.0,35.0,725.0,98535.0
2021,Nanaimo,2021A00055921007,6675.0,91025.0,30.0,690.0,98420.0
2021,Strathcona County,2021A00054811052,6530.0,91375.0,30.0,305.0,98240.0
2021,Lethbridge,2021A00054802012,5020.0,91170.0,45.0,845.0,97080.0
2021,Saint-Jean-sur-Richelieu,2021A00052456083,42345.0,585.0,53740.0,170.0,96835.0
2021,Kamloops,2021A00055933042,5295.0,90240.0,15.0,430.0,95985.0
2021,Niagara Falls,2021A00053526043,5885.0,86315.0,45.0,1275.0,93525.0
2021,Chilliwack,2021A00055909020,4100.0,87550.0,30.0,815.0,92490.0
2021,Cape Breton,2021A00051217030,3995.0,88160.0,20.0,105.0,92280.0
2021,Brossard,2021A00052458007,56160.0,11845.0,18230.0,4235.0,90470.0
2021,Maple Ridge,2021A00055915075,5125.0,83715.0,25.0,1110.0,89970.0
2021,Victoria,2021A00055917034,11735.0,76660.0,30.0,685.0,89110.0
2021,North Vancouver,2021A00055915046,9615.0,76580.0,45.0,1265.0,87505.0
2021,Newmarket,2021A00053519048,6465.0,78145.0,35.0,2460.0,87110.0
2021,Repentigny,2021A00052460013,37840.0,360.0,47235.0,260.0,85690.0
2021,Peterborough,2021A00053515014,6505.0,75590.0,20.0,285.0,82405.0
2021,Saint-Jérôme,2021A00052475017,30675.0,360.0,47785.0,255.0,79065.0
2021,New Westminster,2021A00055915029,5555.0,70460.0,35.0,2225.0,78270.0
2021,Moncton,2021A00051307022,34135.0,41630.0,2010.0,435.0,78205.0
2021,Drummondville,2021A00052449058,24455.0,265.0,53015.0,335.0,78075.0
2021,Kawartha Lakes,2021A00053516010,3425.0,74215.0,10.0,155.0,77800.0
2021,Caledon,2021A00053521024,4480.0,69675.0,30.0,1935.0,76120.0
2021,Prince George,2021A00055953023,3805.0,71345.0,20.0,375.0,75545.0
2021,Airdrie,2021A00054806021,5340.0,68130.0,60.0,485.0,74015.0
2021,Wood Buffalo,2021A00054816037,4310.0,67410.0,70.0,475.0,72270.0
2021,Sarnia,2021A00053538030,5270.0,65670.0,50.0,275.0,71265.0
2021,Sault Ste. Marie,2021A00053557061,6610.0,64300.0,35.0,300.0,71235.0
2021,Saint John,2021A00051301006,9395.0,58915.0,125.0,405.0,68840.0
2021,Granby,2021A00052447017,25130.0,305.0,42005.0,290.0,67725.0
2021,St. Albert,2021A00054811062,7135.0,60205.0,35.0,130.0,67505.0
2021,Norfolk County,2021A00053528052,2215.0,64315.0,10.0,435.0,66970.0
2021,Grande Prairie,2021A00054819012,4815.0,58400.0,75.0,280.0,63565.0
2021,Halton Hills,2021A00053524015,4795.0,57465.0,15.0,460.0,62735.0
2021,Fredericton,2021A00051310032,15100.0,46595.0,200.0,360.0,62255.0
2021,Medicine Hat,2021A00054801006,2290.0,59545.0,10.0,260.0,62110.0
2021,Aurora,2021A00053519046,5410.0,54105.0,25.0,2175.0,61720.0
2021,Mirabel,2021A00052474005,28240.0,520.0,32105.0,175.0,61040.0
2021,Port Coquitlam,2021A00055915039,3985.0,54935.0,50.0,1680.0,60650.0
2021,Blainville,2021A00052473015,34465.0,915.0,23435.0,300.0,59120.0
2021,North Vancouver,2021A00055915051,5350.0,51460.0,40.0,1005.0,57855.0
2021,Saint-Hyacinthe,2021A00052454048,16860.0,180.0,38615.0,425.0,56085.0
2021,Welland,2021A00053526032,7295.0,47725.0,130.0,265.0,55410.0
2021,Belleville,2021A00053512005,3355.0,50655.0,30.0,220.0,54255.0
2021,North Bay,2021A00053548044,12520.0,39185.0,130.0,105.0,51935.0
2021,Mascouche,2021A00052464015,23105.0,290.0,27165.0,100.0,50655.0
2021,Châteauguay,2021A00052467050,29460.0,6180.0,14395.0,405.0,50440.0
2021,Brandon,2021A00054607062,2435.0,46705.0,15.0,1095.0,50255.0
2021,Whitchurch-Stouffville,2021A00053519044,3485.0,44415.0,15.0,1680.0,49595.0
2021,Haldimand County,2021A00053528018,1530.0,47195.0,15.0,135.0,48870.0
2021,Shawinigan,2021A00052436033,12095.0,90.0,36355.0,95.0,48635.0
2021,Rimouski,2021A00052410043,13620.0,60.0,34915.0,35.0,48625.0
2021,Dollard-Des Ormeaux,2021A00052466142,31645.0,13190.0,2280.0,1080.0,48195.0
2021,Georgina,2021A00053519070,2430.0,44240.0,10.0,480.0,47165.0
2021,Victoriaville,2021A00052439062,12885.0,80.0,33775.0,215.0,46955.0
2021,Cornwall,2021A00053501012,17910.0,28405.0,370.0,220.0,46905.0
2021,Langford,2021A00055917044,3475.0,42605.0,25.0,325.0,46430.0
2021,Woodstock,2021A00053532042,2580.0,43180.0,15.0,515.0,46290.0
2021,Quinte West,2021A00053512015,4000.0,42010.0,140.0,95.0,46245.0
2021,Saint-Eustache,2021A00052472005,22935.0,745.0,21105.0,225.0,45000.0
2021,Vernon,2021A00055937014,2750.0,40785.0,5.0,190.0,43730.0
2021,New Tecumseth,2021A00053543007,2030.0,41175.0,10.0,400.0,43620.0
2021,West Vancouver,2021A00055915055,4560.0,37370.0,10.0,1630.0,43565.0
2021,Innisfil,2021A00053543017,2305.0,40535.0,10.0,460.0,43315.0
2021,Vaudreuil-Dorion,2021A00052471083,28140.0,5760.0,8100.0,585.0,42585.0
2021,Bradford West Gwillimbury,2021A00053543014,2020.0,39125.0,25.0,1270.0,42440.0
2021,Salaberry-de-Valleyfield,2021A00052470052,16250.0,460.0,25535.0,85.0,42325.0
2021,St. Thomas,2021A00053534021,2040.0,40140.0,20.0,120.0,42325.0
2021,Rouyn-Noranda,2021A00052486042,15040.0,140.0,26740.0,15.0,41935.0
2021,Boucherville,2021A00052458033,25445.0,340.0,15210.0,145.0,41145.0
2021,Mission,2021A00055909056,2060.0,38070.0,10.0,885.0,41025.0
2021,Rocky View County,2021A00054806014,2880.0,37675.0,15.0,295.0,40860.0
2021,Timmins,2021A00053556027,19900.0,20070.0,620.0,60.0,40655.0
2021,Lakeshore,2021A00053537064,6460.0,33490.0,40.0,330.0,40320.0
2021,Brant,2021A00053529005,1515.0,37340.0,,130.0,38990.0
2021,Charlottetown,2021A00051102075,4940.0,32370.0,30.0,505.0,37845.0
2021,Spruce Grove,2021A00054811049,2230.0,35165.0,25.0,60.0,37480.0
2021,Prince Albert,2021A00054715066,2625.0,33445.0,30.0,170.0,36275.0
2021,Penticton,2021A00055907041,2350.0,33490.0,30.0,210.0,36075.0
2021,West Kelowna,2021A00055935029,2040.0,33765.0,10.0,160.0,35970.0
2021,Campbell River,2021A00055924034,2465.0,32610.0,15.0,115.0,35210.0
2021,Sorel-Tracy,2021A00052453052,9845.0,100.0,24550.0,40.0,34530.0
2021,East Gwillimbury,2021A00053519054,2185.0,30980.0,20.0,1025.0,34200.0
2021,Côte-Saint-Luc,2021A00052466058,21590.0,9740.0,2065.0,580.0,33970.0
2021,Leduc,2021A00054811016,1955.0,31810.0,15.0,75.0,33850.0
2021,Port Moody,2021A00055915043,2670.0,30165.0,5.0,620.0,33460.0
2021,Moose Jaw,2021A00054707039,1785.0,31065.0,10.0,195.0,33055.0
2021,Pointe-Claire,2021A00052466097,22810.0,8550.0,1105.0,540.0,33005.0
2021,Stratford,2021A00053531011,2075.0,30545.0,10.0,115.0,32745.0
2021,LaSalle,2021A00053537034,3725.0,28615.0,15.0,350.0,32710.0
2021,Fort Erie,2021A00053526003,1660.0,30815.0,15.0,145.0,32635.0
2021,Orillia,2021A00053543052,1625.0,30865.0,,100.0,32595.0
2021,Val-d'Or,2021A00052489008,11535.0,300.0,20640.0,20.0,32490.0
2021,Saint-Georges,2021A00052429073,8995.0,55.0,23345.0,85.0,32480.0
2021,Parkland County,2021A00054811034,1565.0,30480.0,10.0,45.0,32105.0
2021,North Cowichan,2021A00055919008,1905.0,29715.0,5.0,125.0,31755.0
2021,Cochrane,2021A00054806019,2870.0,28695.0,30.0,75.0,31665.0
2021,Chambly,2021A00052457005,16775.0,350.0,13910.0,115.0,31155.0
2021,Centre Wellington,2021A00053523025,1935.0,28810.0,,90.0,30840.0
2021,Okotoks,2021A00054806012,2225.0,27900.0,10.0,75.0,30210.0
2021,Alma,2021A00052493042,5655.0,20.0,24315.0,20.0,30015.0
2021,Orangeville,2021A00053522014,1810.0,27955.0,10.0,135.0,29915.0
2021,Saint-Constant,2021A00052467035,15970.0,650.0,13030.0,210.0,29855.0
2021,Sainte-Julie,2021A00052459010,15320.0,155.0,13935.0,55.0,29465.0
2021,Leamington,2021A00053537003,1620.0,25815.0,10.0,1730.0,29180.0
2021,Grimsby,2021A00053526065,1720.0,26845.0,5.0,120.0,28685.0
2021,Boisbriand,2021A00052473005,14800.0,2290.0,10550.0,650.0,28280.0
2021,Langley,2021A00055915002,1280.0,26410.0,15.0,450.0,28150.0
2021,Courtenay,2021A00055926010,2505.0,25355.0,5.0,155.0,28025.0
2021,Dieppe,2021A00051307045,19655.0,6160.0,1960.0,105.0,27880.0
2021,Magog,2021A00052445072,12705.0,480.0,14670.0,10.0,27870.0
2021,Whitehorse,2021A00056001009,4365.0,23255.0,65.0,130.0,27810.0
2021,King,2021A00053519049,1820.0,24975.0,5.0,445.0,27245.0
2021,Conception Bay South,2021A00051001485,1835.0,25165.0,,15.0,27010.0
2021,Fort Saskatchewan,2021A00054811056,1525.0,25185.0,20.0,30.0,26765.0
2021,Woolwich,2021A00053530035,1215.0,25100.0,5.0,390.0,26710.0
2021,La Prairie,2021A00052467015,15860.0,1005.0,9065.0,350.0,26280.0
2021,Clarence-Rockland,2021A00053502036,17675.0,6720.0,1725.0,30.0,26150.0
2021,Saint-Bruno-de-Montarville,2021A00052458037,17645.0,540.0,7695.0,65.0,25945.0
2021,Thetford Mines,2021A00052431084,6025.0,80.0,19480.0,55.0,25640.0
2021,Sainte-Thérèse,2021A00052473010,13680.0,230.0,11615.0,100.0,25625.0
2021,Lunenburg,2021A00051206001,1565.0,23830.0,10.0,20.0,25420.0
2021,Prince Edward County,2021A00053513020,1935.0,23405.0,,70.0,25415.0
2021,Lincoln,2021A00053526057,1315.0,23905.0,5.0,160.0,25385.0
2021,Wasaga Beach,2021A00053543064,1385.0,23330.0,5.0,130.0,24855.0
2021,Collingwood,2021A00053543031,1830.0,22550.0,5.0,45.0,24430.0
2021,Sept-Îles,2021A00052497007,7305.0,255.0,16615.0,40.0,24220.0
2021,Saint-Lin--Laurentides,2021A00052463048,7280.0,45.0,16555.0,45.0,23925.0
2021,Beloeil,2021A00052457040,11595.0,80.0,12150.0,35.0,23860.0
2021,Grande Prairie County No. 1,2021A00054819006,1240.0,22500.0,5.0,20.0,23760.0
2021,Squamish,2021A00055931006,3155.0,20335.0,15.0,225.0,23725.0
2021,Thorold,2021A00053526037,1370.0,21990.0,10.0,230.0,23600.0
2021,Strathroy-Caradoc,2021A00053539015,980.0,22420.0,5.0,165.0,23570.0
2021,Amherstburg,2021A00053537028,2485.0,20830.0,5.0,65.0,23385.0
2021,L'Assomption,2021A00052460028,8685.0,35.0,14485.0,35.0,23245.0
2021,Foothills County,2021A00054806001,1360.0,21735.0,20.0,85.0,23200.0
2021,Tecumseh,2021A00053537048,2900.0,20050.0,20.0,155.0,23125.0
2021,Oro-Medonte,2021A00053543023,1405.0,21515.0,,40.0,22965.0
2021,Paradise,2021A00051001517,1805.0,21115.0,5.0,25.0,22955.0
2021,Essa,2021A00053543021,2000.0,20755.0,95.0,85.0,22935.0
2021,East Hants,2021A00051208008,1475.0,21345.0,,55.0,22880.0
2021,Candiac,2021A00052467020,15370.0,1010.0,5880.0,290.0,22550.0
2021,Mount Pearl,2021A00051001542,1275.0,21115.0,,25.0,22420.0
2021,Saint-Lazare,2021A00052471105,16085.0,2955.0,3180.0,140.0,22355.0
2021,Chestermere,2021A00054806017,870.0,20730.0,5.0,560.0,22165.0
2021,"Kings, Subd. A",2021A00051207001,1860.0,20175.0,40.0,35.0,22105.0
2021,Saint-Lambert,2021A00052458012,16325.0,1035.0,4435.0,150.0,21945.0
2021,Kingsville,2021A00053537013,1520.0,19960.0,15.0,360.0,21860.0
2021,Brockville,2021A00053507015,2275.0,19450.0,20.0,65.0,21805.0
2021,Springwater,2021A00053543009,1565.0,19955.0,20.0,90.0,21625.0
2021,Uxbridge,2021A00053518029,1640.0,19760.0,5.0,70.0,21480.0
2021,Scugog,2021A00053518020,1440.0,19900.0,,50.0,21395.0
2021,Wilmot,2021A00053530020,960.0,20255.0,5.0,55.0,21280.0
2021,Fort St. John,2021A00055955034,1005.0,20155.0,10.0,90.0,21260.0
2021,Owen Sound,2021A00053542059,1410.0,19765.0,5.0,45.0,21225.0
2021,Varennes,2021A00052459020,10200.0,45.0,10810.0,20.0,21075.0
2021,Joliette,2021A00052461025,6505.0,70.0,14380.0,85.0,21040.0
2021,Essex,2021A00053537016,1440.0,19495.0,5.0,40.0,20985.0
2021,Huntsville,2021A00053544042,1430.0,19520.0,5.0,25.0,20980.0
2021,Beaumont,2021A00054811013,2975.0,17725.0,35.0,150.0,20885.0
2021,White Rock,2021A00055915007,1680.0,18770.0,10.0,395.0,20855.0
2021,Mont-Royal,2021A00052466072,16120.0,2150.0,2070.0,350.0,20695.0
2021,Baie-Comeau,2021A00052496020,4385.0,20.0,16045.0,10.0,20460.0
2021,Riverview,2021A00051306020,5960.0,14385.0,60.0,35.0,20440.0
2021,South Frontenac,2021A00053510020,1580.0,18585.0,10.0,15.0,20185.0
2021,Cobourg,2021A00053514021,1470.0,18550.0,,45.0,20065.0
2021,Yellowknife,2021A00056106023,3340.0,16485.0,90.0,100.0,20010.0
2021,Cranbrook,2021A00055901022,860.0,19070.0,5.0,40.0,19970.0
2021,Sturgeon County,2021A00054811059,1490.0,18360.0,20.0,35.0,19900.0
2021,Sainte-Marthe-sur-le-Lac,2021A00052472015,10300.0,305.0,9100.0,85.0,19790.0
2021,Rivière-du-Loup,2021A00052412072,5010.0,10.0,14650.0,70.0,19740.0
2021,Port Colborne,2021A00053526011,1570.0,18035.0,10.0,75.0,19695.0
2021,"Colchester, Subd. B",2021A00051210008,1235.0,18380.0,,15.0,19630.0
2021,Saint-Augustin-de-Desmaures,2021A00052423072,9750.0,30.0,9800.0,25.0,19605.0
2021,Russell,2021A00053502048,11010.0,7810.0,665.0,35.0,19520.0
2021,Lloydminster,2021A00054810039,1000.0,18380.0,10.0,65.0,19450.0
2021,Westmount,2021A00052466032,14710.0,4070.0,450.0,220.0,19445.0
2021,Kirkland,2021A00052466102,14185.0,4280.0,510.0,415.0,19390.0
2021,West Hants,2021A00051208003,1005.0,18265.0,,5.0,19275.0
2021,Pitt Meadows,2021A00055915070,1490.0,17420.0,5.0,225.0,19140.0
2021,Dorval,2021A00052466087,13510.0,4025.0,1345.0,255.0,19130.0
2021,Beaconsfield,2021A00052466107,14385.0,4030.0,430.0,270.0,19105.0
2021,Salmon Arm,2021A00055939032,1410.0,17620.0,5.0,50.0,19085.0
2021,Red Deer County,2021A00054808001,695.0,18280.0,,105.0,19080.0
2021,Colwood,2021A00055917041,1570.0,17275.0,15.0,65.0,18930.0
2021,Niagara-on-the-Lake,2021A00053526047,1540.0,17120.0,,165.0,18825.0
2021,Corner Brook,2021A00051005018,945.0,17860.0,5.0,20.0,18825.0
2021,Middlesex Centre,2021A00053539033,1095.0,17610.0,,50.0,18755.0
2021,Mont-Saint-Hilaire,2021A00052457035,10830.0,145.0,7600.0,35.0,18605.0
2021,Selwyn,2021A00053515015,1215.0,17300.0,,40.0,18560.0
2021,Quispamsis,2021A00051305057,4175.0,14295.0,25.0,45.0,18540.0
2021,Tillsonburg,2021A00053532004,560.0,17840.0,5.0,45.0,18455.0
2021,Camrose,2021A00054810011,720.0,17590.0,5.0,40.0,18355.0
2021,Metro Vancouver A,2021A00055915020,1770.0,15575.0,15.0,930.0,18290.0
2021,Petawawa,2021A00053547076,3780.0,14210.0,150.0,25.0,18160.0
2021,Sainte-Sophie,2021A00052475028,6630.0,55.0,11365.0,25.0,18080.0
2021,Port Alberni,2021A00055923008,1010.0,16985.0,5.0,40.0,18040.0
2021,Oak Bay,2021A00055917030,2775.0,15120.0,,95.0,17990.0
2021,Deux-Montagnes,2021A00052472010,10430.0,775.0,6590.0,75.0,17870.0
2021,Pelham,2021A00053526028,1315.0,16485.0,5.0,65.0,17870.0
2021,North Grenville,2021A00053507065,4085.0,13705.0,10.0,15.0,17815.0
2021,Saint-Colomban,2021A00052475005,7740.0,125.0,9840.0,30.0,17740.0
2021,Midland,2021A00053543074,1470.0,16105.0,10.0,35.0,17615.0
2021,Steinbach,2021A00054602044,755.0,16650.0,10.0,195.0,17615.0
2021,Stony Plain,2021A00054811048,1005.0,16500.0,10.0,20.0,17535.0
2021,Miramichi,2021A00051309050,3365.0,14010.0,70.0,10.0,17455.0
2021,Esquimalt,2021A00055917040,2315.0,14940.0,15.0,100.0,17370.0
2021,Central Saanich,2021A00055917015,1670.0,15580.0,5.0,70.0,17320.0
2021,Hanover,2021A00054602041,685.0,16080.0,5.0,400.0,17175.0
2021,Saint-Basile-le-Grand,2021A00052457020,9435.0,125.0,7470.0,30.0,17055.0
2021,Port Hope,2021A00053514020,1190.0,15760.0,,45.0,16995.0
2021,Sainte-Catherine,2021A00052467030,8535.0,270.0,8085.0,75.0,16970.0
2021,Loyalist,2021A00053511005,1805.0,15110.0,25.0,20.0,16960.0
2021,Bracebridge,2021A00053544018,1130.0,15755.0,,20.0,16905.0
2021,L'Ancienne-Lorette,2021A00052423057,6670.0,25.0,9730.0,30.0,16450.0
2021,Swift Current,2021A00054708004,735.0,15615.0,5.0,55.0,16410.0
2021,Springfield,2021A00054612047,1480.0,14540.0,10.0,55.0,16085.0
2021,Greater Napanee,2021A00053511015,970.0,15050.0,5.0,25.0,16045.0
2021,Yorkton,2021A00054709012,460.0,15505.0,,55.0,16025.0
2021,Sylvan Lake,2021A00054808012,980.0,14925.0,5.0,25.0,15930.0
2021,Canmore,2021A00054815023,2910.0,12895.0,15.0,40.0,15860.0
2021,Saugeen Shores,2021A00053541045,1160.0,14620.0,5.0,45.0,15830.0
2021,Tracadie,2021A00051315002,7445.0,140.0,8215.0,10.0,15810.0
2021,Summerside,2021A00051103025,2025.0,13695.0,25.0,35.0,15775.0
2021,Lake Country,2021A00055935016,1065.0,14595.0,5.0,60.0,15725.0
2021,Cold Lake,2021A00054812002,1870.0,13610.0,40.0,30.0,15550.0
2021,Edmundston,2021A00051313027,9725.0,375.0,5410.0,30.0,15540.0
2021,North Perth,2021A00053531040,315.0,14955.0,5.0,225.0,15495.0
2021,West Lincoln,2021A00053526021,550.0,14835.0,,45.0,15425.0
2021,Saint-Charles-Borromée,2021A00052461035,4580.0,30.0,10445.0,35.0,15085.0
2021,Sooke,2021A00055917052,1350.0,13635.0,5.0,15.0,15005.0
2021,Gaspé,2021A00052403005,5170.0,670.0,9095.0,5.0,14940.0
2021,Brooks,2021A00054802034,455.0,13890.0,50.0,435.0,14830.0
2021,Pincourt,2021A00052471070,10385.0,2090.0,2125.0,110.0,14710.0
2021,Comox,2021A00055926005,1930.0,12705.0,10.0,10.0,14655.0
2021,Kenora,2021A00053560010,1105.0,13510.0,10.0,10.0,14645.0
2021,St. Clair,2021A00053538003,765.0,13875.0,5.0,,14645.0
2021,Clearview,2021A00053543005,750.0,13870.0,,25.0,14645.0
2021,Mercier,2021A00052467045,7920.0,420.0,6230.0,55.0,14630.0
2021,Sainte-Anne-des-Plaines,2021A00052473035,5200.0,75.0,9300.0,20.0,14590.0
2021,Mississippi Mills,2021A00053509030,2575.0,11970.0,5.0,15.0,14560.0
2021,Severn,2021A00053543015,615.0,13910.0,5.0,20.0,14550.0
2021,Cowansville,2021A00052446080,7425.0,855.0,6160.0,25.0,14460.0
2021,Leduc County,2021A00054811012,840.0,13535.0,,35.0,14415.0
2021,Lavaltrie,2021A00052452007,4695.0,30.0,9625.0,20.0,14370.0
2021,West Nipissing / Nipissing Ouest,2021A00053548055,9325.0,4510.0,505.0,15.0,14365.0
2021,High River,2021A00054806006,620.0,13595.0,5.0,60.0,14275.0
2021,Strathmore,2021A00054805018,525.0,13680.0,5.0,30.0,14235.0
2021,Rosemère,2021A00052473020,9920.0,510.0,3575.0,80.0,14090.0
2021,Whistler,2021A00055931020,2215.0,11695.0,5.0,70.0,13980.0
2021,Thames Centre,2021A00053539027,590.0,13325.0,,70.0,13980.0
2021,Mont-Laurier,2021A00052479088,2900.0,10.0,11055.0,5.0,13970.0
2021,Pembroke,2021A00053547064,1920.0,11950.0,35.0,20.0,13930.0
2021,Matane,2021A00052408053,2785.0,5.0,11080.0,10.0,13885.0
2021,Sainte-Adèle,2021A00052477022,7965.0,175.0,5675.0,10.0,13825.0
2021,Lachute,2021A00052476020,6185.0,425.0,7200.0,10.0,13820.0
2021,Trent Hills,2021A00053514045,610.0,13165.0,,30.0,13805.0
2021,Guelph/Eramosa,2021A00053523009,1060.0,12680.0,,55.0,13795.0
2021,Powell River,2021A00055927008,955.0,12745.0,5.0,40.0,13740.0
2021,Grand Falls-Windsor,2021A00051006017,625.0,13030.0,,15.0,13670.0
2021,Prévost,2021A00052475040,7065.0,45.0,6525.0,5.0,13635.0
2021,Central Elgin,2021A00053534020,755.0,12860.0,,15.0,13625.0
2021,Beauharnois,2021A00052470022,5865.0,150.0,7570.0,10.0,13600.0
2021,Winkler,2021A00054603050,225.0,13000.0,5.0,355.0,13590.0
2021,North Battleford,2021A00054716029,805.0,12715.0,5.0,60.0,13590.0
2021,Ingersoll,2021A00053532018,515.0,13005.0,,55.0,13580.0
2021,Parksville,2021A00055921018,800.0,12690.0,,30.0,13525.0
2021,South Stormont,2021A00053501011,4535.0,8900.0,50.0,5.0,13490.0
2021,Dolbeau-Mistassini,2021A00052492022,2290.0,5.0,11175.0,5.0,13480.0
2021,Val-des-Monts,2021A00052482015,8315.0,765.0,4235.0,10.0,13330.0
2021,Saint-Amable,2021A00052459015,4590.0,50.0,8660.0,30.0,13325.0
2021,South Glengarry,2021A00053501005,6880.0,6110.0,240.0,35.0,13265.0
2021,The Nation / La Nation,2021A00053502025,9105.0,2750.0,1330.0,25.0,13205.0
2021,Bécancour,2021A00052438010,3835.0,25.0,9300.0,10.0,13170.0
2021,Lacombe,2021A00054808031,685.0,12365.0,5.0,30.0,13080.0
2021,West Grey,2021A00053542004,515.0,12490.0,,25.0,13025.0
2021,Mountain View County,2021A00054806028,405.0,12545.0,5.0,30.0,12980.0
2021,Thompson,2021A00054622026,755.0,12110.0,15.0,95.0,12965.0
2021,Sainte-Marie,2021A00052426030,3975.0,20.0,8935.0,35.0,12965.0
2021,Bonnyville No. 87,2021A00054812004,1555.0,11330.0,5.0,10.0,12895.0
2021,Portage la Prairie,2021A00054609029,700.0,12090.0,10.0,75.0,12870.0
2021,Mackenzie County,2021A00054817095,65.0,12000.0,,715.0,12780.0
2021,Tiny,2021A00053543068,1975.0,10740.0,20.0,30.0,12770.0
2021,Truro,2021A00051210006,920.0,11625.0,10.0,45.0,12590.0
2021,"Colchester, Subd. C",2021A00051210001,610.0,11820.0,5.0,10.0,12435.0
2021,Perth East,2021A00053531030,255.0,11965.0,,195.0,12410.0
2021,Amos,2021A00052488055,3040.0,50.0,9290.0,10.0,12390.0
2021,Carleton Place,2021A00053509028,2280.0,10050.0,20.0,20.0,12365.0
2021,Brock,2021A00053518039,560.0,11730.0,,40.0,12335.0
2021,Prince Rupert,2021A00055947012,555.0,11605.0,5.0,135.0,12300.0
2021,Wetaskiwin,2021A00054811002,350.0,11850.0,,35.0,12245.0
2021,Gravenhurst,2021A00053544002,530.0,11700.0,,15.0,12240.0
2021,North Saanich,2021A00055917005,1255.0,10940.0,,20.0,12215.0
2021,Wellington North,2021A00053523050,310.0,11780.0,5.0,105.0,12195.0
2021,Warman,2021A00054711068,405.0,11750.0,,35.0,12190.0
2021,Dawson Creek,2021A00055955014,580.0,11565.0,5.0,30.0,12175.0
2021,Kincardine,2021A00053541024,915.0,11145.0,,55.0,12115.0
2021,Les Îles-de-la-Madeleine,2021A00052401023,3050.0,115.0,8910.0,,12075.0
2021,Sidney,2021A00055917010,945.0,11040.0,5.0,35.0,12020.0
2021,Rothesay,2021A00051305045,2470.0,9475.0,5.0,25.0,11975.0
2021,Erin,2021A00053523017,1045.0,10855.0,5.0,50.0,11955.0
2021,"Kings, Subd. B",2021A00051207016,710.0,11200.0,,15.0,11930.0
2021,Taché,2021A00054602069,2960.0,8830.0,45.0,80.0,11915.0
2021,Terrace,2021A00055949011,745.0,11045.0,5.0,75.0,11875.0
2021,Summerland,2021A00055907035,865.0,10980.0,,30.0,11875.0
2021,Clearwater County,2021A00054809002,355.0,11505.0,,5.0,11865.0
2021,Lambton Shores,2021A00053538040,370.0,11375.0,5.0,20.0,11770.0
2021,Lloydminster,2021A00054717029,340.0,11390.0,5.0,30.0,11770.0
2021,Gander,2021A00051006009,865.0,10885.0,,10.0,11765.0
2021,Carignan,2021A00052457010,6655.0,225.0,4800.0,55.0,11740.0
2021,Bathurst,2021A00051315011,7045.0,3800.0,885.0,5.0,11740.0
2021,St. Andrews,2021A00054613043,570.0,11110.0,,35.0,11710.0
2021,St. Clements,2021A00054613056,700.0,10825.0,,60.0,11585.0
2021,Rawdon,2021A00052462037,5000.0,315.0,6245.0,10.0,11570.0
2021,View Royal,2021A00055917047,1000.0,10475.0,10.0,75.0,11565.0
2021,Saltspring Island,2021A00055917027,1480.0,10040.0,,40.0,11560.0
2021,Brighton,2021A00053514004,745.0,10785.0,5.0,15.0,11550.0
2021,Saint-Sauveur,2021A00052477043,7315.0,255.0,3940.0,5.0,11515.0
2021,Cantley,2021A00052482020,7775.0,685.0,2970.0,10.0,11440.0
2021,Notre-Dame-de-l'Île-Perrot,2021A00052471065,8475.0,980.0,1885.0,75.0,11415.0
2021,Meaford,2021A00053542047,855.0,10525.0,,15.0,11395.0
2021,Wellesley,2021A00053530027,350.0,10595.0,,370.0,11320.0
2021,Elliot Lake,2021A00053557041,2145.0,9060.0,85.0,10.0,11305.0
2021,Bromont,2021A00052446078,7390.0,130.0,3740.0,10.0,11270.0
2021,Wetaskiwin County No. 10,2021A00054811001,280.0,10895.0,5.0,30.0,11210.0
2021,L'Île-Perrot,2021A00052471060,7610.0,1245.0,2275.0,70.0,11205.0
2021,North Dundas,2021A00053501030,2405.0,8740.0,35.0,15.0,11200.0
2021,Marieville,2021A00052455048,4010.0,30.0,7095.0,55.0,11195.0
2021,Norwich,2021A00053532002,290.0,10790.0,,70.0,11150.0
2021,Sainte-Julienne,2021A00052463060,3570.0,45.0,7505.0,15.0,11135.0
2021,Sainte-Agathe-des-Monts,2021A00052478032,4570.0,145.0,6375.0,,11090.0
2021,Saint-Raymond,2021A00052434128,2715.0,20.0,8330.0,10.0,11075.0
2021,Georgian Bluffs,2021A00053542053,655.0,10415.0,,10.0,11075.0
2021,Hamilton,2021A00053514019,690.0,10355.0,,15.0,11060.0
2021,Tay,2021A00053543071,630.0,10415.0,5.0,10.0,11060.0
2021,La Tuque,2021A00052490012,2305.0,10.0,8710.0,15.0,11040.0
2021,South Dundas,2021A00053501020,1415.0,9590.0,10.0,5.0,11020.0
2021,Coldstream,2021A00055937010,815.0,10130.0,,60.0,11005.0
2021,Adjala-Tosorontio,2021A00053543003,510.0,10410.0,,55.0,10980.0
2021,Mont-Tremblant,2021A00052478102,5975.0,220.0,4705.0,15.0,10910.0
2021,Rideau Lakes,2021A00053507040,975.0,9875.0,10.0,20.0,10880.0
2021,Nelson,2021A00055903015,1400.0,9455.0,5.0,20.0,10880.0
2021,Stratford,2021A00051102080,1760.0,8955.0,5.0,125.0,10850.0
2021,Lac Ste. Anne County,2021A00054813001,360.0,10455.0,10.0,10.0,10835.0
2021,Mapleton,2021A00053523033,275.0,10395.0,5.0,155.0,10830.0
2021,Montmagny,2021A00052418050,2205.0,30.0,8525.0,15.0,10765.0
2021,Williams Lake,2021A00055941009,430.0,10245.0,,50.0,10720.0
2021,Estevan,2021A00054701024,365.0,10310.0,,30.0,10705.0
2021,Sechelt,2021A00055929011,735.0,9905.0,,60.0,10700.0
2021,Moncton,2021A00051307019,4810.0,5550.0,305.0,5.0,10670.0
2021,Saint-Hippolyte,2021A00052475045,5085.0,75.0,5500.0,5.0,10660.0
2021,North Dumfries,2021A00053530004,515.0,10040.0,,60.0,10620.0
2021,Weyburn,2021A00054702047,180.0,10405.0,,30.0,10615.0
2021,Chester,2021A00051206009,595.0,9960.0,,5.0,10565.0
2021,Martensville,2021A00054711070,355.0,10150.0,,15.0,10525.0
2021,Blackfalds,2021A00054808029,455.0,9980.0,10.0,25.0,10470.0
2021,Yellowhead County,2021A00054814003,435.0,9930.0,,25.0,10395.0
2021,Ramara,2021A00053543019,415.0,9930.0,,25.0,10370.0
2021,Grey Highlands,2021A00053542015,560.0,9585.0,5.0,205.0,10360.0
2021,Queens,2021A00051204010,480.0,9815.0,,10.0,10315.0
2021,Lacombe County,2021A00054808022,295.0,9945.0,,35.0,10285.0
2021,Morinville,2021A00054811068,1040.0,9185.0,15.0,10.0,10245.0
2021,Bois-des-Filion,2021A00052473030,5255.0,105.0,4770.0,25.0,10160.0
2021,Farnham,2021A00052446112,3685.0,90.0,6280.0,10.0,10065.0
2021,Saint-Félicien,2021A00052491042,1840.0,,8170.0,,10010.0
2021,Hawkesbury,2021A00053502008,6660.0,1260.0,2070.0,15.0,10005.0
2021,Ponoka County,2021A00054808038,195.0,9790.0,,10.0,10000.0
2021,Selkirk,2021A00054613047,520.0,9445.0,5.0,35.0,9995.0
2021,Yarmouth,2021A00051202004,1705.0,8275.0,5.0,5.0,9990.0
2021,North Glengarry,2021A00053501050,5535.0,4075.0,345.0,20.0,9970.0
2021,Lethbridge County,2021A00054802011,175.0,9605.0,,165.0,9945.0
2021,South Huron,2021A00053540005,210.0,9700.0,,20.0,9930.0
2021,Whitecourt,2021A00054813030,480.0,9425.0,5.0,20.0,9925.0
2021,Pont-Rouge,2021A00052434017,3065.0,15.0,6815.0,20.0,9920.0
2021,Alfred and Plantagenet,2021A00053502023,6860.0,1555.0,1405.0,30.0,9855.0
2021,Morden,2021A00054603053,565.0,9120.0,,135.0,9810.0
2021,Cavan Monaghan,2021A00053515013,610.0,9125.0,,30.0,9770.0
2021,Hinton,2021A00054814019,830.0,8900.0,5.0,35.0,9765.0
2021,Quesnel,2021A00055941013,310.0,9420.0,,40.0,9765.0
2021,East St. Paul,2021A00054613032,790.0,8900.0,,35.0,9725.0
2021,Stoneham-et-Tewkesbury,2021A00052422035,4065.0,25.0,5580.0,15.0,9680.0
2021,Leeds and the Thousand Islands,2021A00053507021,825.0,8825.0,15.0,5.0,9670.0
2021,Brockton,2021A00053541032,355.0,9245.0,5.0,25.0,9625.0
2021,Saint-Zotique,2021A00052471025,4770.0,220.0,4605.0,30.0,9620.0
2021,Arnprior,2021A00053547002,1195.0,8335.0,5.0,20.0,9550.0
2021,Lorraine,2021A00052473025,6665.0,205.0,2605.0,25.0,9505.0
2021,Temiskaming Shores,2021A00053554020,3865.0,5400.0,195.0,10.0,9470.0
2021,Roberval,2021A00052491025,1460.0,10.0,7980.0,10.0,9465.0
2021,Notre-Dame-des-Prairies,2021A00052461030,2785.0,10.0,6665.0,5.0,9460.0
2021,Laurentian Valley,2021A00053547075,1415.0,8010.0,15.0,5.0,9450.0
2021,Contrecoeur,2021A00052459035,3365.0,15.0,6050.0,10.0,9440.0
2021,Elizabethtown-Kitley,2021A00053507014,850.0,8555.0,5.0,5.0,9410.0
2021,Mono,2021A00053522012,710.0,8615.0,,75.0,9400.0
2021,Huron East,2021A00053540040,180.0,9135.0,,55.0,9365.0
2021,The Blue Mountains,2021A00053542045,765.0,8520.0,,15.0,9300.0
2021,Amherst,2021A00051211011,640.0,8615.0,,10.0,9270.0
2021,New Glasgow,2021A00051212014,515.0,8715.0,,10.0,9255.0
2021,Penetanguishene,2021A00053543072,1550.0,7640.0,,10.0,9215.0
2021,Malahide,2021A00053534010,185.0,8835.0,,160.0,9185.0
2021,Comox Valley C,2021A00055926024,610.0,8540.0,,10.0,9160.0
2021,Smiths Falls,2021A00053509004,875.0,8255.0,,10.0,9145.0
2021,Olds,2021A00054806034,320.0,8690.0,,20.0,9030.0
2021,South Bruce Peninsula,2021A00053541055,405.0,8620.0,,,9025.0
2021,Beckwith,2021A00053509024,1860.0,7150.0,10.0,5.0,9020.0
2021,Stanley,2021A00054603047,125.0,8535.0,,320.0,8980.0
2021,Oromocto,2021A00051303012,2270.0,6525.0,175.0,15.0,8980.0
2021,Tsinstikeptum 9,2021A00055935802,445.0,8485.0,,35.0,8970.0
2021,Cowichan Valley B,2021A00055919046,665.0,8285.0,,10.0,8960.0
2021,"Antigonish, Subd. A",2021A00051214001,940.0,7995.0,5.0,15.0,8955.0
2021,Qualicum Beach,2021A00055921023,625.0,8285.0,,10.0,8925.0
2021,Columbia-Shuswap C,2021A00055939037,370.0,8545.0,,5.0,8920.0
2021,West Perth,2021A00053531025,180.0,8710.0,,25.0,8910.0
2021,Minto,2021A00053523043,350.0,8440.0,,120.0,8910.0
2021,Ladysmith,2021A00055919021,550.0,8315.0,5.0,20.0,8890.0
2021,L'Épiphanie,2021A00052460037,2680.0,10.0,6160.0,5.0,8860.0
2021,Saint-Rémi,2021A00052468055,3080.0,55.0,5560.0,110.0,8810.0
2021,Shelburne,2021A00053522021,355.0,8405.0,5.0,50.0,8810.0
2021,Coaticook,2021A00052444037,3295.0,125.0,5345.0,20.0,8780.0
2021,Corman Park No. 344,2021A00054711065,440.0,8305.0,,25.0,8775.0
2021,Taber,2021A00054802022,100.0,8575.0,,90.0,8770.0
2021,Wheatland County,2021A00054805012,220.0,8410.0,,105.0,8735.0
2021,Southgate,2021A00053542005,340.0,8135.0,10.0,230.0,8715.0
2021,Coaldale,2021A00054802019,195.0,8415.0,,35.0,8640.0
2021,Zorra,2021A00053532027,320.0,8295.0,,10.0,8625.0
2021,Bridgewater,2021A00051206004,675.0,7915.0,,15.0,8610.0
2021,Champlain,2021A00053502010,5925.0,1735.0,935.0,5.0,8605.0
2021,La Pêche,2021A00052482035,5215.0,1645.0,1690.0,5.0,8555.0
2021,Camrose County,2021A00054810001,215.0,8265.0,,25.0,8505.0
2021,Otterburn Park,2021A00052457030,4720.0,75.0,3680.0,5.0,8475.0
2021,Sainte-Brigitte-de-Laval,2021A00052422045,2820.0,10.0,5630.0,5.0,8465.0
2021,Sainte-Catherine-de-la-Jacques-Cartier,2021A00052422005,3235.0,30.0,5170.0,5.0,8445.0
2021,Portugal Cove-St. Philip's,2021A00051001504,785.0,7620.0,,5.0,8415.0
2021,"Kings, Subd. C",2021A00051207011,605.0,7710.0,,15.0,8340.0
2021,Delson,2021A00052467025,4545.0,150.0,3610.0,25.0,8330.0
2021,"Pictou, Subd. C",2021A00051212011,315.0,7995.0,,5.0,8320.0
2021,Plympton-Wyoming,2021A00053538035,415.0,7865.0,,30.0,8305.0
2021,Greenview No. 16,2021A00054818015,275.0,8005.0,,15.0,8295.0
2021,Banff,2021A00054815035,1115.0,7110.0,10.0,50.0,8280.0
2021,Revelstoke,2021A00055939019,930.0,7250.0,15.0,40.0,8235.0
2021,Kitimat,2021A00055949005,555.0,7620.0,10.0,40.0,8225.0
2021,Nanaimo F,2021A00055921032,455.0,7745.0,,10.0,8210.0
2021,Castlegar,2021A00055903045,450.0,7725.0,,35.0,8205.0
2021,Dauphin,2021A00054617050,490.0,7685.0,,25.0,8200.0
2021,Edson,2021A00054814024,490.0,7675.0,,20.0,8185.0
2021,Lac-Beauport,2021A00052422040,4505.0,25.0,3635.0,,8165.0
2021,La Malbaie,2021A00052415013,1620.0,15.0,6515.0,5.0,8160.0
2021,Drummond/North Elmsley,2021A00053509010,930.0,7190.0,5.0,5.0,8130.0
2021,Macdonald,2021A00054610035,725.0,7375.0,5.0,20.0,8120.0
2021,Nanaimo G,2021A00055921034,495.0,7600.0,,15.0,8105.0
2021,Nicolet,2021A00052450072,2135.0,10.0,5920.0,15.0,8080.0
2021,Boischatel,2021A00052421045,3185.0,15.0,4870.0,5.0,8070.0
2021,Chelsea,2021A00052482025,5660.0,1665.0,660.0,15.0,8000.0
2021,Vermilion River County,2021A00054810036,185.0,7800.0,,10.0,7990.0
2021,Kimberley,2021A00055901028,580.0,7395.0,,5.0,7985.0
2021,Kapuskasing,2021A00053556066,5640.0,1785.0,520.0,,7940.0
2021,Renfrew,2021A00053547048,685.0,7235.0,,10.0,7935.0
2021,Saint-Apollinaire,2021A00052433090,2275.0,5.0,5650.0,5.0,7935.0
2021,Comox Valley A,2021A00055926021,660.0,7260.0,5.0,5.0,7925.0
2021,Puslinch,2021A00053523001,565.0,7300.0,,55.0,7920.0
2021,Torbay,2021A00051001509,720.0,7130.0,,5.0,7850.0
2021,Argyle,2021A00051202001,4440.0,3320.0,40.0,20.0,7825.0
2021,Stone Mills,2021A00053511030,485.0,7335.0,,5.0,7825.0
2021,Innisfail,2021A00054808008,235.0,7565.0,,10.0,7810.0
2021,Happy Valley-Goose Bay,2021A00051010025,510.0,7285.0,5.0,10.0,7810.0
2021,Three Rivers,2021A00051101045,645.0,6905.0,10.0,255.0,7810.0
2021,Goderich,2021A00053540028,330.0,7450.0,,10.0,7795.0
2021,Central Huron,2021A00053540025,240.0,7535.0,,15.0,7790.0
2021,Rigaud,2021A00052471133,4715.0,510.0,2515.0,15.0,7755.0
2021,East Zorra-Tavistock,2021A00053532038,250.0,7420.0,,30.0,7700.0
2021,Hanover,2021A00053542029,315.0,7355.0,,20.0,7695.0
2021,Trail,2021A00055905014,215.0,7455.0,,15.0,7690.0
2021,Huron-Kinloss,2021A00053541015,320.0,7135.0,,205.0,7655.0
2021,Muskoka Lakes,2021A00053544053,430.0,7215.0,,5.0,7655.0
2021,Aylmer,2021A00053534011,185.0,7310.0,,140.0,7640.0
2021,Douro-Dummer,2021A00053515023,400.0,7225.0,,15.0,7635.0
2021,Saint-Philippe,2021A00052467010,3865.0,85.0,3615.0,35.0,7595.0
2021,McNab/Braeside,2021A00053547003,790.0,6785.0,,5.0,7585.0
2021,South-West Oxford,2021A00053532012,310.0,7230.0,,40.0,7580.0
2021,Lac la Biche County,2021A00054812037,885.0,6665.0,,20.0,7575.0
2021,Rockwood,2021A00054614036,365.0,7190.0,,20.0,7575.0
2021,Blandford-Blenheim,2021A00053532045,245.0,7315.0,,5.0,7565.0
2021,Clare,2021A00051203001,5170.0,2275.0,85.0,15.0,7545.0
2021,Kirkland Lake,2021A00053554068,2055.0,5440.0,40.0,5.0,7545.0
2021,Acton Vale,2021A00052448028,1605.0,15.0,5900.0,5.0,7525.0
2021,Cypress County,2021A00054801003,225.0,7270.0,,25.0,7520.0
2021,Lincoln,2021A00051303008,1470.0,5990.0,55.0,,7520.0
2021,Edwardsburgh/Cardinal,2021A00053507004,920.0,6575.0,,5.0,7505.0
2021,"Kenora, Unorganized",2021A00053560090,480.0,6970.0,,20.0,7475.0
2021,Nanaimo A,2021A00055921010,385.0,7080.0,,5.0,7475.0
2021,Bluewater,2021A00053540010,210.0,7265.0,,5.0,7475.0
2021,Ritchot,2021A00054602075,2465.0,4945.0,40.0,20.0,7470.0
2021,Alnwick/Haldimand,2021A00053514024,465.0,6980.0,,20.0,7470.0
2021,Taber,2021A00054802021,40.0,7160.0,,245.0,7450.0
2021,Labrador City,2021A00051010032,885.0,6485.0,20.0,5.0,7400.0
2021,Comox Valley B,2021A00055926022,835.0,6540.0,5.0,5.0,7390.0
2021,Newell County,2021A00054802031,105.0,7150.0,,130.0,7385.0
2021,Augusta,2021A00053507006,745.0,6630.0,,5.0,7385.0
2021,Chandler,2021A00052402028,1470.0,25.0,5895.0,,7380.0
2021,North Stormont,2021A00053501042,3160.0,4025.0,140.0,5.0,7325.0
2021,Iqaluit,2021A00056204003,1055.0,6145.0,55.0,60.0,7320.0
2021,Fort Frances,2021A00053559012,295.0,7015.0,,5.0,7315.0
2021,La Sarre,2021A00052487090,1360.0,30.0,5925.0,,7310.0
2021,Ponoka,2021A00054808039,175.0,7110.0,,15.0,7295.0
2021,Coteau-du-Lac,2021A00052471040,3880.0,120.0,3265.0,15.0,7280.0
2021,Dryden,2021A00053560027,475.0,6775.0,5.0,15.0,7275.0
2021,Shefford,2021A00052447035,3865.0,125.0,3260.0,,7250.0
2021,Digby,2021A00051203004,675.0,6560.0,,10.0,7245.0
2021,Brownsburg-Chatham,2021A00052476043,3695.0,360.0,3175.0,5.0,7240.0
2021,Chibougamau,2021A00052499025,2085.0,195.0,4950.0,10.0,7225.0
2021,Drayton Valley,2021A00054811031,150.0,7065.0,,5.0,7225.0
2021,St. Marys,2021A00053531016,270.0,6905.0,,5.0,7185.0
2021,Westlock County,2021A00054813028,370.0,6795.0,5.0,15.0,7185.0
2021,Brazeau County,2021A00054811032,130.0,7045.0,5.0,5.0,7180.0
2021,Donnacona,2021A00052434025,2055.0,10.0,5095.0,20.0,7180.0
2021,Shediac,2021A00051307052,5125.0,1675.0,345.0,25.0,7165.0
2021,Whitewater Region,2021A00053547056,800.0,6335.0,5.0,15.0,7160.0
2021,Les Cèdres,2021A00052471050,4320.0,220.0,2575.0,40.0,7155.0
2021,Bayham,2021A00053534005,145.0,6780.0,,170.0,7095.0
2021,Otonabee-South Monaghan,2021A00053515005,405.0,6670.0,,5.0,7085.0
2021,Dysart et al,2021A00053546024,460.0,6615.0,,5.0,7080.0
2021,Drumheller,2021A00054805026,180.0,6865.0,5.0,20.0,7070.0
2021,Hampstead,2021A00052466062,5250.0,1445.0,280.0,65.0,7035.0
2021,Baie-Saint-Paul,2021A00052416013,1670.0,10.0,5340.0,10.0,7025.0
2021,Chatsworth,2021A00053542037,265.0,6740.0,,20.0,7025.0
2021,Louiseville,2021A00052451015,1250.0,15.0,5720.0,35.0,7020.0
2021,Saint-Joseph-du-Lac,2021A00052472025,3260.0,55.0,3690.0,20.0,7020.0
2021,Saint-Félix-de-Valois,2021A00052462007,1730.0,15.0,5215.0,15.0,6975.0
2021,Athabasca County,2021A00054813044,440.0,6515.0,,,6960.0
2021,Val-des-Sources,2021A00052440043,1685.0,35.0,5180.0,10.0,6915.0
2021,Merritt,2021A00055933006,355.0,6520.0,,40.0,6915.0
2021,Minden Hills,2021A00053546015,340.0,6565.0,,5.0,6915.0
2021,Wainfleet,2021A00053526014,400.0,6480.0,,10.0,6890.0
2021,Portage la Prairie,2021A00054609024,410.0,6345.0,,130.0,6880.0
2021,Saint-Lambert-de-Lauzon,2021A00052426070,2115.0,10.0,4685.0,10.0,6815.0
2021,Slave Lake,2021A00054817029,255.0,6550.0,5.0,10.0,6815.0
2021,Saint-Calixte,2021A00052463055,2195.0,35.0,4560.0,5.0,6790.0
2021,Arran-Elderslie,2021A00053541043,255.0,6460.0,,60.0,6775.0
2021,Nanaimo E,2021A00055921030,465.0,6295.0,,5.0,6765.0
2021,La Broquerie,2021A00054602053,1145.0,5275.0,35.0,270.0,6725.0
2021,Beaubassin East / Beaubassin-est,2021A00051307005,5195.0,1140.0,375.0,5.0,6715.0
2021,Yarmouth,2021A00051202006,1025.0,5640.0,,20.0,6680.0
2021,Parry Sound,2021A00053549032,430.0,6225.0,5.0,10.0,6665.0
2021,Campbellton,2021A00051314014,3900.0,2000.0,715.0,10.0,6625.0
2021,Hope,2021A00055909009,255.0,6340.0,,15.0,6615.0
2021,Rocky Mountain House,2021A00054809015,265.0,6310.0,5.0,15.0,6590.0
2021,Cornwall,2021A00051102085,1030.0,5500.0,5.0,40.0,6575.0
2021,Saint-Paul,2021A00052461005,1925.0,15.0,4620.0,10.0,6570.0
2021,Clarenville,2021A00051007013,235.0,6310.0,,10.0,6555.0
2021,East Kootenay C,2021A00055901035,355.0,6175.0,,5.0,6540.0
2021,Peace River,2021A00054819038,770.0,5740.0,5.0,25.0,6535.0
2021,Devon,2021A00054811018,200.0,6310.0,,15.0,6525.0
2021,West St. Paul,2021A00054613037,420.0,6015.0,,75.0,6510.0
2021,Cramahe,2021A00053514014,290.0,6210.0,,10.0,6510.0
2021,Gimli,2021A00054618031,270.0,6205.0,,5.0,6480.0
2021,Barrington,2021A00051201001,385.0,6075.0,,,6460.0
2021,Trent Lakes,2021A00053515044,290.0,6135.0,,10.0,6440.0
2021,Shannon,2021A00052422020,3445.0,80.0,2905.0,,6435.0
2021,Saint-Honoré,2021A00052494240,1115.0,10.0,5250.0,,6365.0
2021,Kentville,2021A00051207012,770.0,5585.0,,5.0,6365.0
2021,Wainwright,2021A00054807054,330.0,5990.0,5.0,25.0,6355.0
2021,Perth,2021A00053509021,675.0,5665.0,5.0,10.0,6355.0
2021,"Cumberland, Subd. B",2021A00051211006,215.0,6130.0,,10.0,6350.0
2021,Stephenville,2021A00051004019,345.0,5985.0,5.0,5.0,6340.0
2021,Bonnyville,2021A00054812009,645.0,5660.0,,10.0,6325.0
2021,Plessisville,2021A00052432040,1340.0,40.0,4865.0,85.0,6325.0
2021,Port-Cartier,2021A00052497022,1450.0,15.0,4855.0,,6315.0
2021,St. Paul County No. 19,2021A00054812014,1110.0,5170.0,10.0,5.0,6305.0
2021,Charlemagne,2021A00052460005,2425.0,15.0,3840.0,25.0,6300.0
2021,Pointe-Calumet,2021A00052472020,2675.0,50.0,3550.0,5.0,6280.0
2021,Fernie,2021A00055901012,795.0,5430.0,5.0,10.0,6240.0
2021,"Thunder Bay, Unorganized",2021A00053558090,370.0,5825.0,15.0,10.0,6220.0
2021,Princeville,2021A00052432033,1220.0,10.0,4910.0,35.0,6185.0
2021,Cariboo A,2021A00055941019,190.0,5980.0,,5.0,6175.0
2021,North Middlesex,2021A00053539041,165.0,5985.0,,5.0,6160.0
2021,"Pictou, Subd. A",2021A00051212001,340.0,5800.0,,,6150.0
2021,"Antigonish, Subd. B",2021A00051214006,775.0,5360.0,,5.0,6140.0
2021,Pontiac,2021A00052482030,3995.0,1440.0,695.0,5.0,6135.0
2021,Beresford,2021A00051315012,4190.0,305.0,1625.0,5.0,6125.0
2021,Notre-Dame-du-Mont-Carmel,2021A00052437235,1550.0,10.0,4555.0,,6110.0
2021,L'Ange-Gardien,2021A00052482005,3650.0,230.0,2220.0,5.0,6100.0
2021,Southern Gulf Islands,2021A00055917029,645.0,5455.0,,5.0,6100.0
2021,Mont-Joli,2021A00052409077,1010.0,5.0,5080.0,,6095.0
2021,Sainte-Anne-des-Monts,2021A00052404037,960.0,,5125.0,,6090.0
2021,"Algoma, Unorganized, North Part",2021A00053557095,530.0,5510.0,,5.0,6050.0
2021,Beauceville,2021A00052427028,1490.0,10.0,4545.0,10.0,6050.0
2021,Oliver Paipoonge,2021A00053558011,360.0,5660.0,5.0,5.0,6030.0
2021,Bay Roberts,2021A00051001409,195.0,5775.0,,,5975.0
2021,Sackville,2021A00051307009,1310.0,4650.0,,5.0,5965.0
2021,"Pictou, Subd. B",2021A00051212006,195.0,5750.0,,,5945.0
2021,Peace River C,2021A00055955042,245.0,5695.0,,10.0,5945.0
2021,Tweed,2021A00053512030,230.0,5690.0,5.0,15.0,5940.0
2021,McMasterville,2021A00052457025,2865.0,30.0,3030.0,10.0,5935.0
2021,Saint-Césaire,2021A00052455023,1700.0,20.0,4175.0,30.0,5930.0
2021,"Annapolis, Subd. A",2021A00051205004,400.0,5525.0,,5.0,5930.0
2021,Willow Creek No. 26,2021A00054803018,115.0,5760.0,,55.0,5925.0
2021,Humboldt,2021A00054715008,135.0,5770.0,5.0,15.0,5920.0
2021,Douglas,2021A00051310028,1030.0,4865.0,20.0,,5915.0
2021,Ashfield-Colborne-Wawanosh,2021A00053540063,150.0,5590.0,,140.0,5885.0
2021,Barrhead County No. 11,2021A00054813018,155.0,5710.0,,15.0,5880.0
2021,South Bruce,2021A00053541004,235.0,5615.0,,20.0,5870.0
2021,Beaver County,2021A00054810016,165.0,5685.0,,15.0,5870.0
2021,Niverville,2021A00054602046,585.0,5245.0,10.0,25.0,5865.0
2021,Petrolia,2021A00053538019,395.0,5460.0,5.0,5.0,5865.0
2021,Southwest Middlesex,2021A00053539005,175.0,5670.0,,5.0,5855.0
2021,Saint-Pie,2021A00052454008,1540.0,10.0,4285.0,10.0,5845.0
2021,Lac-Brome,2021A00052446075,3880.0,1025.0,910.0,15.0,5825.0
2021,Rhineland,2021A00054603041,100.0,5580.0,,135.0,5815.0
2021,Saint-Henri,2021A00052419068,1430.0,10.0,4365.0,5.0,5810.0
2021,Melfort,2021A00054714051,100.0,5690.0,,20.0,5810.0
2021,Sioux Lookout,2021A00053560034,265.0,5520.0,,10.0,5795.0
2021,Amqui,2021A00052407047,955.0,,4840.0,,5795.0
2021,Peachland,2021A00055935018,310.0,5465.0,,15.0,5790.0
2021,Verchères,2021A00052459025,2240.0,10.0,3510.0,5.0,5760.0
2021,Lanark Highlands,2021A00053509039,805.0,4925.0,,10.0,5735.0
2021,St. Paul,2021A00054812018,1005.0,4650.0,5.0,25.0,5685.0
2021,"Cumberland, Subd. C",2021A00051211009,260.0,5390.0,,25.0,5680.0
2021,Tay Valley,2021A00053509015,635.0,5035.0,,5.0,5670.0
2021,Kent,2021A00055909032,205.0,5430.0,5.0,35.0,5670.0
2021,Sainte-Martine,2021A00052470012,2605.0,55.0,2995.0,15.0,5665.0
2021,Stettler County No. 6,2021A00054807019,80.0,5565.0,,20.0,5665.0
2021,Lac-Mégantic,2021A00052430030,1475.0,10.0,4160.0,5.0,5650.0
2021,Stettler,2021A00054807026,100.0,5540.0,,10.0,5650.0
2021,Les Coteaux,2021A00052471033,2850.0,90.0,2700.0,5.0,5645.0
2021,Lucan Biddulph,2021A00053539060,215.0,5420.0,,5.0,5645.0
2021,Crowsnest Pass,2021A00054815007,190.0,5455.0,,,5645.0
2021,Richelieu,2021A00052455057,2530.0,20.0,3070.0,5.0,5620.0
2021,Bulkley-Nechako A,2021A00055951051,410.0,5175.0,,,5585.0
2021,Ste. Anne,2021A00054602057,1270.0,4215.0,25.0,70.0,5580.0
2021,Redcliff,2021A00054801018,130.0,5190.0,,255.0,5580.0
2021,Neepawa,2021A00054615020,65.0,5470.0,,20.0,5555.0
2021,Val-David,2021A00052478010,3065.0,70.0,2415.0,10.0,5550.0
2021,Vegreville,2021A00054810028,110.0,5355.0,5.0,15.0,5485.0
2021,The Pas,2021A00054621045,330.0,5080.0,,15.0,5425.0
2021,Creston,2021A00055903004,215.0,5205.0,,5.0,5425.0
2021,Osoyoos,2021A00055907005,300.0,5015.0,10.0,105.0,5420.0
2021,Brokenhead,2021A00054612054,365.0,5040.0,,15.0,5415.0
2021,Hudson,2021A00052471100,3940.0,1290.0,165.0,15.0,5410.0
2021,Saint-Roch-de-l'Achigan,2021A00052463035,1660.0,15.0,3705.0,20.0,5400.0
2021,Peace River B,2021A00055955040,95.0,5040.0,,230.0,5365.0
2021,Woodstock,2021A00051311006,640.0,4700.0,10.0,20.0,5360.0
2021,Norway House 17,2021A00054622058,15.0,5330.0,5.0,,5350.0
2021,Cookshire-Eaton,2021A00052441038,2255.0,385.0,2690.0,15.0,5345.0
2021,Cochrane,2021A00053556042,2635.0,2570.0,120.0,5.0,5335.0
2021,Spallumcheen,2021A00055937024,170.0,5125.0,,10.0,5310.0
2021,Cariboo G,2021A00055941015,200.0,5105.0,,10.0,5310.0
2021,Chertsey,2021A00052462047,2090.0,60.0,3135.0,5.0,5290.0
2021,Smithers,2021A00055951043,355.0,4915.0,,20.0,5290.0
2021,Seguin,2021A00053549003,205.0,5070.0,,,5280.0
2021,Gananoque,2021A00053507024,445.0,4785.0,5.0,10.0,5240.0
2021,Meadow Lake,2021A00054717052,135.0,5085.0,,10.0,5230.0
2021,"Annapolis, Subd. C",2021A00051205014,370.0,4840.0,,5.0,5220.0
2021,Armstrong,2021A00055937028,170.0,5030.0,,5.0,5210.0
2021,"Kings, Subd. D",2021A00051207021,320.0,4880.0,5.0,5.0,5210.0
2021,Burton,2021A00051303011,940.0,4180.0,45.0,15.0,5175.0
2021,Saint-Boniface,2021A00052451085,1365.0,5.0,3785.0,5.0,5155.0
2021,Shediac,2021A00051307016,3275.0,1675.0,185.0,,5135.0
2021,Juan de Fuca,2021A00055917054,430.0,4690.0,,10.0,5130.0
2021,"Inverness, Subd. A",2021A00051215011,2245.0,2815.0,50.0,,5125.0
2021,Montréal-Ouest,2021A00052466047,3925.0,1050.0,105.0,25.0,5110.0
2021,Espanola,2021A00053552026,1060.0,4035.0,15.0,15.0,5110.0
2021,Grand Falls / Grand-Sault,2021A00051312019,3875.0,665.0,550.0,5.0,5085.0
2021,Marystown,2021A00051002024,255.0,4825.0,,5.0,5080.0
2021,Havelock-Belmont-Methuen,2021A00053515030,155.0,4910.0,,15.0,5080.0
2021,Saint Marys,2021A00051310031,1055.0,4005.0,10.0,5.0,5080.0
2021,Windsor,2021A00052442088,1540.0,10.0,3510.0,5.0,5065.0
2021,Oliver,2021A00055907014,235.0,4690.0,5.0,120.0,5045.0
2021,Central Kootenay H,2021A00055903052,435.0,4605.0,,5.0,5045.0
2021,Cowichan Valley C,2021A00055919049,380.0,4660.0,,5.0,5045.0
2021,Lanoraie,2021A00052452017,1620.0,20.0,3365.0,35.0,5035.0
2021,Memramcook,2021A00051307013,3970.0,795.0,265.0,,5030.0
2021,North Huron,2021A00053540055,90.0,4900.0,,30.0,5020.0
2021,West Elgin,2021A00053534042,195.0,4790.0,,30.0,5015.0
2021,Didsbury,2021A00054806032,120.0,4875.0,,5.0,5005.0
2021,Orford,2021A00052445115,2925.0,50.0,2030.0,,5005.0
2021,Stonewall,2021A00054614039,375.0,4620.0,,,4995.0
2021,Metchosin,2021A00055917042,330.0,4625.0,,10.0,4965.0
2021,Wolfville,2021A00051207024,725.0,4215.0,,15.0,4960.0
2021,Stirling-Rawdon,2021A00053512020,210.0,4715.0,5.0,20.0,4945.0
2021,Témiscouata-sur-le-Lac,2021A00052413073,950.0,,3975.0,,4930.0
2021,Saint-Joseph-de-Beauce,2021A00052427043,1230.0,10.0,3570.0,10.0,4810.0
2021,Duncan,2021A00055919012,290.0,4455.0,,10.0,4760.0
2021,Sainte-Anne-de-Bellevue,2021A00052466117,3465.0,950.0,230.0,20.0,4670.0
